,model_name,review,clean_review,sentiments
0,HP 2022 Newest Premium Laptop ,HP 2022 Newest Premium ... Read honest and unbiased product reviews from our users. ... HP laptop.,HP 2022 Newest Premium ... Read honest unbiased product reviews users. ... HP laptop.,appreciation
1,HP 14&#34,"HP 14"" FHD IPS LED 1080p Laptop Intel Core i5-1035G4 8GB ... This will be my first, and last HP laptop.","HP 14"" FHD IPS LED 1080p Laptop Intel Core i5-1035G4 8GB ... This first, last HP laptop.",appreciation
2,HP 15.6 Inch Touchscreen Laptop ,HP 15.6 Inch ... and a camera that was equal or better than my last HP laptop (Pavilion dv6-6c35dx).,HP 15.6 Inch ... camera equal better last HP laptop (Pavilion dv6-6c35dx).,appreciation
3,"HP 15.6 Inch Laptop, Intel Iris ","HP 15.6 Inch Laptop, Intel Iris Xe Graphics, ... I've used my new HP laptop for 7 days now.","HP 15.6 Inch Laptop, Intel Iris Xe Graphics, ... I've used new HP laptop 7 days now.",suggestion
4,HP 15 Laptop 15.6&#34,"HP 15 Laptop 15.6"", AMD Ryzen 5 2500U, AMD Radeon Vega 8 Graphics, 1TB HDD, 8GB SDRAM, 15-db0069wm, ...","HP 15 Laptop 15.6"", AMD Ryzen 5 2500U, AMD Radeon Vega 8 Graphics, 1TB HDD, 8GB SDRAM, 15-db0069wm, ...",suggestion
5,"HP 15.6-inch HD Laptop, AMD Ryzen 3 ",HP 15.6-inch HD ... I recently helped a family member buy a education series HP laptop (meant for ...,HP 15.6-inch HD ... I recently helped family member buy education series HP laptop (meant ...,appreciation
6,"HP Notebook Professional Laptop, 17.3 ",HP Notebook ... Only time will tell if this HP Laptop is as good as my previous HP computers.,HP Notebook ... Only time tell HP Laptop good previous HP computers.,appreciation
7,HP 15.6-Inch High Performance HD ,HP 15.6-Inch High ... I bought this one to replace my 7yr old HP laptop that recently died the good ...,HP 15.6-Inch High ... I bought one replace 7yr old HP laptop recently died good ...,suggestion
8,HP Pavilion dv6-6115nr 15.6-Inch Laptop,HP Pavilion dv6-6115nr ... Needed a new laptop to replace my 3.5 year old HP laptop that was starting ...,HP Pavilion dv6-6115nr ... Needed new laptop replace 3.5 year old HP laptop starting ...,suggestion
9,Keyboard Cover for 15.6 HP Laptop ,Keyboard Cover for 15.6 HP Laptop/HP Pavilion 15 15t-eg 15-eg/eh/er 15-eg2373cl 15-eg2153cl 15-eg0025nr ...,Keyboard Cover 15.6 HP Laptop/HP Pavilion 15 15t-eg 15-eg/eh/er 15-eg2373cl 15-eg2153cl 15-eg0025nr ...,suggestion
10,HP Pavilion 15 Laptop ,"HP Pavilion 15 Laptop Computer, ... Needed to replace an old HP laptop that was running very slow.","HP Pavilion 15 Laptop Computer, ... Needed replace old HP laptop running slow.",complaint
11,"Newest HP Notebook Laptop, ","Newest HP Notebook Laptop, 17.3'' Full HD Display, ... Great cosmetic fit with my new silver HP laptop.","Newest HP Notebook Laptop, 17.3'' Full HD Display, ... Great cosmetic fit new silver HP laptop.",appreciation
12,HP Pavilion ze5620us Laptop (2.8 GHz ,HP Pavilion ze5620us Laptop ... Sign in to filter reviews ... Plsssss don't buy any of the HP laptop.,HP Pavilion ze5620us Laptop ... Sign filter reviews ... Plsssss buy HP laptop.,suggestion
13,HP 14&#34; Laptop - 10th Gen Intel ,"HP 14"" Laptop - 10th Gen Intel Core i3-1005G1 Processor 1.2GHz 4GB DDR4 2666 SDRAM 128GB SSD ...","HP 14"" Laptop - 10th Gen Intel Core i3-1005G1 Processor 1.2GHz 4GB DDR4 2666 SDRAM 128GB SSD ...",suggestion
14,"HP 2022 New 15 Laptop, 15.6&#34","HP 2022 New 15 Laptop ... It is much faster than my previous HP laptop, the video and sound quality are ...","HP 2022 New 15 Laptop ... It much faster previous HP laptop, video sound quality ...",appreciation
15,HP Pavilion DV9410US 17-inch Laptop ,HP Pavilion DV9410US ... the DV9420us is my second HP laptop and the 4yr old one is still going strong.,HP Pavilion DV9410US ... DV9420us second HP laptop 4yr old one still going strong.,appreciation
16,HP Pavilion Laptop (2022 Model) ,HP Pavilion Laptop (2022 ... Read honest and unbiased product reviews from our users. ... Hp Laptop.,HP Pavilion Laptop (2022 ... Read honest unbiased product reviews users. ... Hp Laptop.,appreciation
17,HP Newest 14&#34,"HP Newest 14"" HD Laptop, ... stores or websites, and it's weird that it's just named “Newest HP Laptop.","HP Newest 14"" HD Laptop, ... stores websites, weird named ""Newest HP Laptop.",complaint
18,HP 15.6in Laptop Intel 4000 2.60GHz ,HP 15.6in Laptop ... How customer reviews and ratings work ... I found this refurbished HP laptop.,HP 15.6in Laptop ... How customer reviews ratings work ... I found refurbished HP laptop.,appreciation
19,HP Pavilion 14&#34,"HP Pavilion 14"" HD Notebook ... So i bought this laptop because my 15” hp laptop of 6 years died on me.","HP Pavilion 14"" HD Notebook ... So bought laptop 15"" hp laptop 6 years died me.",complaint
20,"HP 15-inch Laptop, Intel Core i5-8250U ","HP 15-inch Laptop, ... Read honest and unbiased product reviews from our users. ... HP laptop.","HP 15-inch Laptop, ... Read honest unbiased product reviews users. ... HP laptop.",appreciation
21,HP 2022 15.6&#34,"HP 2022 15.6"" HD BrightView ... How customer reviews and ratings work ... I had an old HP laptop.","HP 2022 15.6"" HD BrightView ... How customer reviews ratings work ... I old HP laptop.",appreciation
22,2022 HP Pavilion 17.3-inch IPS FHD ,"2022 HP Pavilion 17.3-inch IPS FHD ... I replaced an 8-year-old HP laptop for this one, and I love it!","2022 HP Pavilion 17.3-inch IPS FHD ... I replaced 8-year-old HP laptop one, I love it!",appreciation
23,HP Laptop Battery 41W,HP Laptop Battery 41W at Amazon.com. Read honest and unbiased product reviews from our users.,HP Laptop Battery 41W Amazon.com. Read honest unbiased product reviews users.,appreciation
24,HP Pavilion DV4-2161NR 14.1-Inch ,HP Pavilion DV4-2161NR ... How customer reviews and ratings work ... I had an old HP laptop before.,HP Pavilion DV4-2161NR ... How customer reviews ratings work ... I old HP laptop before.,appreciation
25,HP Stream Laptop PC - 14&#34,"HP Stream Laptop PC - 14"" HD, ... and the speakers are honestly better than my older $400 HP laptop !","HP Stream Laptop PC - 14"" HD, ... speakers honestly better older $400 HP laptop !",appreciation
26,HP Pavilion DV9420US 17-inch Laptop ,HP Pavilion DV9420US ... the DV9420us is my second HP laptop and the 4yr old one is still going strong.,HP Pavilion DV9420US ... DV9420us second HP laptop 4yr old one still going strong.,appreciation
27,HP Pavilion zd7010us Laptop ,"HP Pavilion zd7010us ... How customer reviews and ratings work ... I have a zd7010us 17"" HP Laptop.","HP Pavilion zd7010us ... How customer reviews ratings work ... I zd7010us 17"" HP Laptop.",appreciation
28,HP Notebook 15.6&#34,"HP Notebook 15.6"" HD Laptop PC, ... How customer reviews and ratings work ... This is my 3rd HP Laptop.","HP Notebook 15.6"" HD Laptop PC, ... How customer reviews ratings work ... This 3rd HP Laptop.",appreciation
29,HP ProBook 355 15.6 Inch Notebook ,"HP ProBook 355 15.6 Inch Notebook PC/Laptop, AMD Quad-Core ... This is my second AMD based HP laptop.","HP ProBook 355 15.6 Inch Notebook PC/Laptop, AMD Quad-Core ... This second AMD based HP laptop.",suggestion
30,Flagship HP 15.6in HD Touchscreen ,HP 15.6in HD Touchscreen Laptop - Intel ... I recently purchased this HP Laptop from Amazon.,HP 15.6in HD Touchscreen Laptop - Intel ... I recently purchased HP Laptop Amazon.,suggestion
31,HP Pavilion Laptop (2022 Model) ,"HP Pavilion Laptop (2022 Model), 15.6"" HD Display, Intel Celeron ... 4.0 out of 5 starsHp Laptop.","HP Pavilion Laptop (2022 Model), 15.6"" HD Display, Intel Celeron ... 4.0 5 starsHp Laptop.",suggestion
32,HP Laptop 15 Business Computer ,HP Laptop 15 Business Computer 15.6” Diagonal FHD Display AMD 6-Core Ryzen 5 5500U (Beats i7-10710U) ...,"HP Laptop 15 Business Computer 15.6"" Diagonal FHD Display AMD 6-Core Ryzen 5 5500U (Beats i7-10710U) ...",suggestion
33,HP Elitebook 8470p Laptop - Core i5 ,"HP Elitebook 8470p Laptop ... The case on this HP laptop is very solid- no flex, unlike my Fujitsus.","HP Elitebook 8470p Laptop ... The case HP laptop solid- flex, unlike Fujitsus.",suggestion
34,HP 15.6&#34; Pavilion DV6 Laptop PC ,"HP 15.6"" Pavilion DV6 ... This HP laptop has it all and there are many features that are better than ...","HP 15.6"" Pavilion DV6 ... This HP laptop many features better ...",appreciation
35,"HP EliteBook 840 G2 14in Laptop, Core ",HP EliteBook 840 G2 ... I wanted to replace my older HP laptop - it was heavier and therefore not as ...,HP EliteBook 840 G2 ... I wanted replace older HP laptop - heavier therefore ...,suggestion
36,HP Laptop Computer Windows 11 17 ,"HP Laptop Computer Windows 11 17 inch Screen, FHD 1080p IPS Display, Intel i5-1135G7, USB Type-C, ...","HP Laptop Computer Windows 11 17 inch Screen, FHD 1080p IPS Display, Intel i5-1135G7, USB Type-C, ...",suggestion
37,HP Pavilion zd8230us 17&#34,"HP Pavilion zd8230us 17"" ... How customer reviews and ratings work ... HP laptop experience: disaster.","HP Pavilion zd8230us 17"" ... How customer reviews ratings work ... HP laptop experience: disaster.",suggestion
38,HP Intel i5-8250U (Beat i7-7500U) ,"HP Intel i5-8250U (Beat ... The hard drive on my last HP laptop suddenly crashed, and I saw this HP ...","HP Intel i5-8250U (Beat ... The hard drive last HP laptop suddenly crashed, I saw HP ...",complaint
39,HP 14&#34; Laptop 10th Gen Intel Core ,"HP 14"" Laptop 10th Gen Intel Core i5-1080p, RAM 8 GB, 256 GB SSD, Model: 8AA76UA#ABA at Amazon.com.","HP 14"" Laptop 10th Gen Intel Core i5-1080p, RAM 8 GB, 256 GB SSD, Model: 8AA76UA#ABA Amazon.com.",suggestion
40,HP Laptop ProBook 640 G2 ,"HP Laptop ProBook 640 G2 laptops PC, Intel Core i5-6300U, 8GB DDR4 Memory, 256GB M.2 SSD, DP, VGA, ...","HP Laptop ProBook 640 G2 laptops PC, Intel Core i5-6300U, 8GB DDR4 Memory, 256GB M.2 SSD, DP, VGA, ...",suggestion
41,HP Newest 14&#34; HD Laptop Light ,"HP Newest 14"" HD Laptop ... Originally, I was extremely unhappy with my new HP laptop due to an ...","HP Newest 14"" HD Laptop ... Originally, I extremely unhappy new HP laptop due ...",complaint
42,"HP Pavilion 15 Notebook PC, Black","HP Pavilion 15 ... I was really excited to get my new HP laptop, since it had been about 10 years and ...","HP Pavilion 15 ... I really excited get new HP laptop, since 10 years ...",appreciation
43,HP Pavilion DV4Z ,"HP Pavilion DV4Z 14.1"" Laptop (1.9 GHz AMD ... Now when I do the same to this HP laptop, it moves away.","HP Pavilion DV4Z 14.1"" Laptop (1.9 GHz AMD ... Now I HP laptop, moves away.",suggestion
44,HP Stream 11 11.6 inch Laptop (Intel ,HP Stream 11 11.6 inch Laptop (Intel Celeron ... I have a much larger HP laptop computer that I love.,HP Stream 11 11.6 inch Laptop (Intel Celeron ... I much larger HP laptop computer I love.,appreciation
45,HP Envy M4-1015dx Laptop C2M81UA ,HP Envy M4-1015dx ... Win 8 in it. fairly light weight compared to an HP laptop from 3 years earlier.,HP Envy M4-1015dx ... Win 8 it. fairly light weight compared HP laptop 3 years earlier.,appreciation
46,"HP 15-ay033cy Laptop, Intel","HP 15-ay033cy Laptop, ... Read honest and unbiased product reviews from our users. ... HP laptop.","HP 15-ay033cy Laptop, ... Read honest unbiased product reviews users. ... HP laptop.",appreciation
47,HP Pavilion ZD7005QV Laptop ,"HP Pavilion ZD7005QV ... I recently bought an HP laptop, but ran into a disk failure about a month ago.","HP Pavilion ZD7005QV ... I recently bought HP laptop, ran disk failure month ago.",complaint
48,HP Laptop 15-dy1079ms (Core i7 ,"HP Laptop 15-dy1079ms (Core i7-1065G7) 15.6 Full HD 1920x1080 IPS touchscreen 12GB DDR4 Ram, 256GB SSD, ...","HP Laptop 15-dy1079ms (Core i7-1065G7) 15.6 Full HD 1920x1080 IPS touchscreen 12GB DDR4 Ram, 256GB SSD, ...",suggestion
49,HP 16 Inch Laptop Sleeve,HP 16 Inch Laptop Sleeve ... I just got a 15.6 inch HP laptop and wanted a new sleeve to keep it safe ...,HP 16 Inch Laptop Sleeve ... I got 15.6 inch HP laptop wanted new sleeve keep safe ...,appreciation
50,"HP Pavilion 15 Laptop, 11th Gen Intel Core i7-1165G7 ","Compare New & Used (41) from. $539.00$539.00 ... Compare with similar items ... Your HP laptop checks all the boxes with a 1-year limited hardware warranty, ...","Compare New & Used (41) from. $539.00$539.00 ... Compare similar items ... Your HP laptop checks boxes 1-year limited hardware warranty, ...",complaint
51,"HP Laptop 14-dq0090nr, Windows 11 ","HP Laptop 14-dq0090nr, Windows 11 Home in S Mode, 14"", Intel Pentium Silver, 4GB RAM, 128GB SSD, HD, ...","HP Laptop 14-dq0090nr, Windows 11 Home S Mode, 14"", Intel Pentium Silver, 4GB RAM, 128GB SSD, HD, ...",suggestion
52,HP Pavilion dv6113us ,"HP Pavilion dv6113us 15.4"" ... laptop to save money and got an excellent deal in this HP laptop.","HP Pavilion dv6113us 15.4"" ... laptop save money got excellent deal HP laptop.",appreciation
53,"HP Pavilion 15 Laptop, 12th Generation Intel Core i7- ","Compare New & Used (14) from. $649.99$649.99. & FREE Shipping ... HP Laptop ... ASIN: B09T513YCJ; Customer Reviews: 4.4 out of 5 stars 1,276Reviews.","Compare New & Used (14) from. $649.99$649.99. & FREE Shipping ... HP Laptop ... ASIN: B09T513YCJ; Customer Reviews: 4.4 5 stars 1,276Reviews.",appreciation
54,"HP 15.6"" HD+ Intel Pentium Quad-Core Processor 8GB ","HP 15.6"" HD+ Intel Pentium ... How customer reviews and ratings work ... I am loving my new HP laptop.","HP 15.6"" HD+ Intel Pentium ... How customer reviews ratings work ... I loving new HP laptop.",appreciation
55,HP 6560b A7J96UT#ABA 15.6-Inch Laptop,"HP 6560b A7J96UT#ABA ... HP laptops and have never been disappointed in an HP laptop, until this one.","HP 6560b A7J96UT#ABA ... HP laptops never disappointed HP laptop, one.",complaint
56,HP Pavilion Artist Edition DV2890NR ,"HP Pavilion Artist ... Sign in to filter reviews ... Never buy a HP laptop, notebook or netbook.","HP Pavilion Artist ... Sign filter reviews ... Never buy HP laptop, notebook netbook.",suggestion
57,HP 2019 14&#34; Laptop - Intel Core i3,"HP 2019 14"" Laptop ... So I bought this little HP laptop for very little $ and like my Desktop HP PC I ...","HP 2019 14"" Laptop ... So I bought little HP laptop little $ like Desktop HP PC I ...",appreciation
58,HP - 17.3&#34; Laptop - Intel Core i5,"HP - 17.3"" Laptop ... The previous HP laptop was so prone to overheating that the plastic case warped.","HP - 17.3"" Laptop ... The previous HP laptop prone overheating plastic case warped.",complaint
59,HP Laptop 14 Inch 4440s Celeron ,HP Laptop 14 Inch 4440s Celeron 1000M 1.80 GHz 4GB DDR3 320GB Hard Drive Windows 10 Home at Amazon.com.,HP Laptop 14 Inch 4440s Celeron 1000M 1.80 GHz 4GB DDR3 320GB Hard Drive Windows 10 Home Amazon.com.,complaint
60,HP Envy 17.3 Inch Laptop (Intel Core i7 ,"HP Envy 17.3 Inch Laptop (Intel Core i7, 12 GB, 1 TB Hybrid Drive, Silver) at Amazon.com.","HP Envy 17.3 Inch Laptop (Intel Core i7, 12 GB, 1 TB Hybrid Drive, Silver) Amazon.com.",appreciation
61,HP 17.3 Inch FHD Laptop Computer ,"HP 17.3 Inch FHD ... and want to use the ThumbDV, avoid purchasing this model HP Laptop - 17-by3053cl.","HP 17.3 Inch FHD ... want use ThumbDV, avoid purchasing model HP Laptop - 17-by3053cl.",suggestion
62,HP 15z FHD Business Laptop (AMD ,HP 15z FHD Business Laptop (AMD Ryzen ... How customer reviews and ratings work ... Modified HP Laptop.,HP 15z FHD Business Laptop (AMD Ryzen ... How customer reviews ratings work ... Modified HP Laptop.,appreciation
63,HP - Intel Core i5,"HP - 15.6"" Laptop - Intel Core i5 - 8GB Memory - 1TB Hard Drive - HP finish in jet black at Amazon.com.","HP - 15.6"" Laptop - Intel Core i5 - 8GB Memory - 1TB Hard Drive - HP finish jet black Amazon.com.",complaint
64,HP Flyer Red 15.6 Inch Laptop (Intel ,HP Flyer Red 15.6 Inch ... Read honest and unbiased product reviews from our users. ... HP laptop.,HP Flyer Red 15.6 Inch ... Read honest unbiased product reviews users. ... HP laptop.,appreciation
65,HP OMEN 15.6 Inch Laptop (Intel Core ,"HP OMEN 15.6 Inch Laptop (Intel Core i7, 8 GB, 256 GB SSD, Black) NVIDIA GeForce GTX 860M at Amazon.com ...","HP OMEN 15.6 Inch Laptop (Intel Core i7, 8 GB, 256 GB SSD, Black) NVIDIA GeForce GTX 860M Amazon.com ...",suggestion
66,HP DV6000 DV6500 G6000 F500 65W ,"HP DV6000 DV6500 G6000 ... is really flaky"" problem on my wife's HP laptop, and bought one of these.","HP DV6000 DV6500 G6000 ... really flaky"" problem wife's HP laptop, bought one these.",complaint
67,HP EliteBook 6930p ,"HP EliteBook 6930p 14.1"" C2D ... Review of the HP Laptop Elitebook 6930p-Core 2 Duo 2.53ghz -2gb Ram ...","HP EliteBook 6930p 14.1"" C2D ... Review HP Laptop Elitebook 6930p-Core 2 Duo 2.53ghz -2gb Ram ...",suggestion
68,HP 17t-cn000 17.3&#34,"HP 17t-cn000 17.3"" ... Laptops in my time & this is by far the worst HP Laptop that I have ever owned.","HP 17t-cn000 17.3"" ... Laptops time & far worst HP Laptop I ever owned.",complaint
69,"HP Laptop 14-inch , Ryzen 3 3200U Up ","HP Laptop 14-inch , Ryzen 3 3200U Up to 3.5 GHz, AMD Radeon Vega 3 Graphics, 4GB SDRAM,128GB SSD, WiFi, ...","HP Laptop 14-inch , Ryzen 3 3200U Up 3.5 GHz, AMD Radeon Vega 3 Graphics, 4GB SDRAM,128GB SSD, WiFi, ...",suggestion
70,"HP 15-ay029cy Laptop, Intel","HP 15-ay029cy Laptop, ... Read honest and unbiased product reviews from our users. ... HP laptop.","HP 15-ay029cy Laptop, ... Read honest unbiased product reviews users. ... HP laptop.",appreciation
71,"HP Pavilion DM4-2184NR Laptop, Intel ",HP Pavilion DM4-2184NR ... Read honest and unbiased product reviews from our users. ... hp laptop.,HP Pavilion DM4-2184NR ... Read honest unbiased product reviews users. ... hp laptop.,appreciation
72,HP Laptop ProBook 640 G1 Intel Core ,HP Laptop ProBook 640 G1 Intel Core i5-4200M 2.50GHz 4GB 320GB HDD Win 10 Home (Renewed) at Amazon.com.,HP Laptop ProBook 640 G1 Intel Core i5-4200M 2.50GHz 4GB 320GB HDD Win 10 Home (Renewed) Amazon.com.,appreciation
73,"HP Envy 17-inch Laptop, Intel Core i7- ",HP Envy 17-inch ... I just received this HP laptop and was pretty impressed with it from the get go.,HP Envy 17-inch ... I received HP laptop pretty impressed get go.,appreciation
74,HP ProBook 14 Inch ,HP ProBook 14 Inch ... Sign in to filter reviews ... This refurbished HP laptop works quite well.,HP ProBook 14 Inch ... Sign filter reviews ... This refurbished HP laptop works quite well.,appreciation
75,HP Spectre x360 15T 4K Touch Laptop ,HP Spectre x360 15T 4K ... Sign in to filter reviews ... I've been using HP laptop for a long time.,HP Spectre x360 15T 4K ... Sign filter reviews ... I've using HP laptop long time.,suggestion
76,"HP 15-inch Laptop, AMD A6-9225 ","HP 15-inch Laptop, ... Read honest and unbiased product reviews from our users. ... HP Laptop.","HP 15-inch Laptop, ... Read honest unbiased product reviews users. ... HP Laptop.",appreciation
77,HP Pavilion ze4610us Laptop (AMD ,"HP Pavilion ze4610us ... I recently bought an HP laptop, but ran into a disk failure about a month ago.","HP Pavilion ze4610us ... I recently bought HP laptop, ran disk failure month ago.",complaint
78,HP Pavillion G6-2123us 15.6 Laptop ,HP Pavillion ... I bought this HP laptop for my son as a birthday present from a big box store.,HP Pavillion ... I bought HP laptop son birthday present big box store.,suggestion
79,HP Laptop 250 G5 (X9U07UT#35,HP Laptop 250 G5 (X9U07UT#35;ABA) Intel Core i5 6200U (2.30 GHz) 8 GB Memory 256 GB SSD Intel HD ...,HP Laptop 250 G5 (X9U07UT#35;ABA) Intel Core i5 6200U (2.30 GHz) 8 GB Memory 256 GB SSD Intel HD ...,suggestion
80,"HP 15-inch Laptop, AMD Quad-Core ","HP 15-inch Laptop, ... made an amazing product and this is my 5th personal HP laptop over the years.","HP 15-inch Laptop, ... made amazing product 5th personal HP laptop years.",appreciation
81,HP Always On Case for Laptops up to 14&#34; Black,"HP Always On Case for ... 121 total ratings, 22 with reviews ... This HP case fits my HP laptop well.","HP Always On Case ... 121 total ratings, 22 reviews ... This HP case fits HP laptop well.",appreciation
82,HP Pavilion 15-n207nr,HP Pavilion ... I looked online for support only to find that it's a common problem for HP laptop's.,HP Pavilion ... I looked online support find common problem HP laptop's.,suggestion
83,HP 15.6in Laptop (Intel Pentium Quad- ,HP 15.6in Laptop ... How customer reviews and ratings work ... This replaced her older HP laptop.,HP 15.6in Laptop ... How customer reviews ratings work ... This replaced older HP laptop.,appreciation
84,HP LAPTOP 14 inchesHD AMD 3020E ,HP LAPTOP 14 inchesHD AMD 3020E 4 64GB eMMC Snowflake White 14-fq0070nr (Renewed) at Amazon.com.,HP LAPTOP 14 inchesHD AMD 3020E 4 64GB eMMC Snowflake White 14-fq0070nr (Renewed) Amazon.com.,appreciation
85,"HP Pavilion 15 Laptop, 12th Generation ","HP Pavilion 15 Laptop, ... How customer reviews and ratings work ... The HP laptop is fantastic!","HP Pavilion 15 Laptop, ... How customer reviews ratings work ... The HP laptop fantastic!",appreciation
86,HP 15-dy1036nr 10th Gen Intel Core i5- ,"HP 15-dy1036nr 10th Gen Intel Core ... 2,523 total ratings, 258 with reviews ... HP laptop computer!","HP 15-dy1036nr 10th Gen Intel Core ... 2,523 total ratings, 258 reviews ... HP laptop computer!",suggestion
87,HP Spectre x360 2-in-1 15.6&#34,HP Spectre x360 2-in-1 ... ago and swore I'd never buy an HP laptop again but once I was hunting for a ...,HP Spectre x360 2-in-1 ... ago swore I'd never buy HP laptop I hunting ...,suggestion
88,HP Envy 17.3-Inch Full HD IPS ,HP Envy 17.3-Inch Full HD IPS ... I had Windows Media player on my HP laptop with Vista and when I ...,HP Envy 17.3-Inch Full HD IPS ... I Windows Media player HP laptop Vista I ...,appreciation
89,HP Newest Laptop ,"HP Newest Laptop, 17.3"" Full HD ... This HP laptop has lots of plusses, but it also has some drawbacks.","HP Newest Laptop, 17.3"" Full HD ... This HP laptop lots plusses, also drawbacks.",suggestion
90,HP Pavilion X16-1040US 16.0-Inch ,"HP Pavilion X16-1040US ... this HP laptop is a great buy, you get a LOT of everything you want in a ...","HP Pavilion X16-1040US ... HP laptop great buy, get LOT everything want ...",appreciation
91,2022 HP Pavilion 17.3 inch IPS FHD ,2022 HP Pavilion 17.3 ... When I received my HP laptop it was packaged securely and upon opening the ...,2022 HP Pavilion 17.3 ... When I received HP laptop packaged securely upon opening ...,appreciation
92,HP Laptop 215 G1 AMD A6 1450 ,HP Laptop 215 G1 AMD A6 1450 1.0GHz 4GB DDR3 Ram 500GB Hard Drive Touch Screen Windows 10 Home ...,HP Laptop 215 G1 AMD A6 1450 1.0GHz 4GB DDR3 Ram 500GB Hard Drive Touch Screen Windows 10 Home ...,complaint
93,Pavilion Laptop 6Gb 500Gb - G7-2269Wm,"HP 17.3"" Pavilion Laptop ... this is one bad machine right here. i bought it after my old hp laptop got ...","HP 17.3"" Pavilion Laptop ... one bad machine right here. bought old hp laptop got ...",suggestion
94,HP Envy 17-j120us 17.3-Inch Laptop with Beats Audio,HP Envy 17-j120us ... Read honest and unbiased product reviews from our users. ... My 3rd HP Laptop.,HP Envy 17-j120us ... Read honest unbiased product reviews users. ... My 3rd HP Laptop.,appreciation
95,HP 14 inch Laptop Ryzen ,"HP 14 inch Laptop Ryzen 3-3250U, 16GB RAM, ... Good HP Laptop with upgraded specs from seller.","HP 14 inch Laptop Ryzen 3-3250U, 16GB RAM, ... Good HP Laptop upgraded specs seller.",appreciation
96,"HP Pavilion 15 Laptop, 11th Gen Intel ","HP Pavilion 15 Laptop, ... 1,087 total ratings, 213 with reviews ... The HP laptop is fantastic!","HP Pavilion 15 Laptop, ... 1,087 total ratings, 213 reviews ... The HP laptop fantastic!",appreciation
97,HP Laptop 15 Business Computer 15.6” ,HP Laptop 15 Business Computer 15.6” Diagonal FHD Display AMD Hexa-Core Ryzen 5 5500U (Beats i7-10710U) ...,"HP Laptop 15 Business Computer 15.6"" Diagonal FHD Display AMD Hexa-Core Ryzen 5 5500U (Beats i7-10710U) ...",suggestion
98,"HP Pavilion 15 Laptop, 11th Gen Intel ","HP Pavilion 15 Laptop, ... How customer reviews and ratings work ... The HP laptop is fantastic!","HP Pavilion 15 Laptop, ... How customer reviews ratings work ... The HP laptop fantastic!",appreciation
99,HP Pavilion 15-au030nr 15.6-Inch ,HP Pavilion ... How customer reviews and ratings work ... Been very happy with this HP laptop.,HP Pavilion ... How customer reviews ratings work ... Been happy HP laptop.,appreciation
100,HP 15-r018dx 16-Inch Laptop (Intel 4th ,HP 15-r018dx 16-Inch Laptop ... Purchased this HP laptop and it is fantastic. quickly loads material.,HP 15-r018dx 16-Inch Laptop ... Purchased HP laptop fantastic. quickly loads material.,appreciation
101,HP 15.6in Laptop (Intel Pentium ,HP 15.6in Laptop ... Sign in to filter reviews ... That is what I don't like about this HP laptop.,HP 15.6in Laptop ... Sign filter reviews ... That I like HP laptop.,appreciation
102,HP EliteBook 840 G1 14-inch Ultrabook ,HP EliteBook 840 G1 ... I spent a lot of time researching laptops to replace my prior HP laptop of ...,HP EliteBook 840 G1 ... I spent lot time researching laptops replace prior HP laptop ...,suggestion
103,Laptop Keyboard for HP Pavilion G60 ,Laptop Keyboard for HP ... I've had to replace my HP laptop keyboard twice in three years because the ...,Laptop Keyboard HP ... I've replace HP laptop keyboard twice three years ...,suggestion
104,HP 15t-dw HD 11th Gen Home &amp,HP 15t-dw HD 11th Gen Home ... Great HP laptop i7 11th generation with upgrade memory RAM 32GB at an ...,HP 15t-dw HD 11th Gen Home ... Great HP laptop i7 11th generation upgrade memory RAM 32GB ...,appreciation
105,OMEN by HP 17-inch Gaming Laptop w ,OMEN by HP 17-inch ... I still recommend buying a HP laptop even though I had a failed unit as the ...,OMEN HP 17-inch ... I still recommend buying HP laptop even though I failed unit ...,suggestion
106,HP Newest 14 Business Touchscreen ,HP Newest 14 ... I contacted HP (laptop manufacturer) and HP confirmed laptop sold to me by the third ...,HP Newest 14 ... I contacted HP (laptop manufacturer) HP confirmed laptop sold third ...,suggestion
107,HP Hewlett Packard M1W62UA#ABA ,"HP Hewlett Packard ... I've been using HP laptops for over 15 years, this is my 4th HP laptop.","HP Hewlett Packard ... I've using HP laptops 15 years, 4th HP laptop.",suggestion
108,"HP 17-y025cy Laptop, AMD A12, 12GB ","HP 17-y025cy Laptop, ... Read honest and unbiased product reviews from our users. ... HP laptop.","HP 17-y025cy Laptop, ... Read honest unbiased product reviews users. ... HP laptop.",appreciation
109,HP 2022 Newest Notebook 15 Laptop ,"HP 2022 Newest Notebook 15 Laptop, 15.6"" Full HD ... I received the HP laptop one week ago today.","HP 2022 Newest Notebook 15 Laptop, 15.6"" Full HD ... I received HP laptop one week ago today.",suggestion
110,HP Newest Notebook Laptop ,"HP Newest Notebook Laptop, 17.3'' Full HD Display, ... Great cosmetic fit with my new silver HP laptop.","HP Newest Notebook Laptop, 17.3'' Full HD Display, ... Great cosmetic fit new silver HP laptop.",appreciation
111,HP Laptop LCD Screen 667896-001 ,"HP Laptop LCD Screen 667896-001 15.6"" WXGA HD at Amazon.com. Read honest and unbiased product reviews ...","HP Laptop LCD Screen 667896-001 15.6"" WXGA HD Amazon.com. Read honest unbiased product reviews ...",appreciation
112,"HP Notebook 15-dy1008CA, 15.6” HD ","HP Notebook 15-dy1008CA, 15.6” HD Laptop, ... My new HP laptop will not connect to the Internet.","HP Notebook 15-dy1008CA, 15.6"" HD Laptop, ... My new HP laptop connect Internet.",suggestion
113,HP 15 Laptop- 15.6&#34; HD - i7-8565U,"HP 15 Laptop- 15.6"" HD - i7-8565U - 12GB ... If you are looking for a nice PC, consider this HP laptop.","HP 15 Laptop- 15.6"" HD - i7-8565U - 12GB ... If looking nice PC, consider HP laptop.",appreciation
114,HP 355 G2 K4K27UT#ABA 15.6-Inch ,HP 355 G2 K4K27UT#ABA ... How customer reviews and ratings work ... PROBLEMS WITH HP LAPTOP & WARRANTY.,HP 355 G2 K4K27UT#ABA ... How customer reviews ratings work ... PROBLEMS WITH HP LAPTOP & WARRANTY.,suggestion
115,HP Probook G4 15.6-Inch Laptop (Intel ,"HP Probook G4 ... One thing is very special, this probook is much better than normal HP laptop.","HP Probook G4 ... One thing special, probook much better normal HP laptop.",appreciation
116,HP Pavilion dv4-5110us 14-Inch Laptop ,HP Pavilion dv4-5110us 14-Inch ... I was so excited before i bought the hp laptop pavillion dv4-5110us.,HP Pavilion dv4-5110us 14-Inch ... I excited bought hp laptop pavillion dv4-5110us.,appreciation
117,HP Touch 15z Slim ,HP Touch 15z Slim Laptop in Blue Ryzen 5 Quad Core up to 3.6GHz 16GB RAM 128GB SSD 1TB HDD 15.6in FHD ...,HP Touch 15z Slim Laptop Blue Ryzen 5 Quad Core 3.6GHz 16GB RAM 128GB SSD 1TB HDD 15.6in FHD ...,suggestion
118,"HP 15.6 Inch Laptop, Intel Iris Xe Graphics, 11th ",Compare New & Used (66) from. $318.99$318.99 ... Wi-Fi 6 (802.11ax) is backwards compatible with prior 802.11 specs. ... Quick Review of The HP Laptop.,Compare New & Used (66) from. $318.99$318.99 ... Wi-Fi 6 (802.11ax) backwards compatible prior 802.11 specs. ... Quick Review The HP Laptop.,appreciation
119,HP Pavilion Laptop (2022 Model) ,HP Pavilion Laptop (2022 ... Definitely in love with my HP laptop it works so much better and less of a ...,HP Pavilion Laptop (2022 ... Definitely love HP laptop works much better less ...,appreciation
120,HP 2022 Newest Envy Laptop ,"HP 2022 Newest Envy Laptop, ... A long, long time ago I had another HP laptop and I adored it.","HP 2022 Newest Envy Laptop, ... A long, long time ago I another HP laptop I adored it.",appreciation
121,"HP Pavilion 15 Laptop, 15.6&#34","HP Pavilion 15 Laptop, ... El modelo de la computadora que recibí es: Hp Laptop 15- dy2093dx, Memory, ...","HP Pavilion 15 Laptop, ... El modelo de la computadora que recibi es: Hp Laptop 15- dy2093dx, Memory, ...",suggestion
122,HP EliteBook Folio 9470m 14-Inch ,HP EliteBook Folio 9470m ... How customer reviews and ratings work ... Best HP laptop I've ever used!,HP EliteBook Folio 9470m ... How customer reviews ratings work ... Best HP laptop I've ever used!,appreciation
123,"HP Pavilion 15 Laptop, 11th Gen Intel Core i7-1165G7 ","Compare New & Used (43) from ... ASIN: B08KGYDR16; Customer Reviews: 4.5 out of 5 stars 1,022Reviews ... This is my 2nd HP Laptop with a i7 processor.","Compare New & Used (43) ... ASIN: B08KGYDR16; Customer Reviews: 4.5 5 stars 1,022Reviews ... This 2nd HP Laptop i7 processor.",suggestion
124,HP Newest 14&#34,"HP Newest 14"" HD Laptop ... How customer reviews and ratings work ... Very pleased with my -hp= laptop.","HP Newest 14"" HD Laptop ... How customer reviews ratings work ... Very pleased -hp= laptop.",appreciation
125,HP 2020 Laptop 14&#34,"HP 2020 Laptop 14"", ... I received the hp laptop in good condition, however I got a samsung charger ...","HP 2020 Laptop 14"", ... I received hp laptop good condition, however I got samsung charger ...",appreciation
126,2022 HP Pavilion Premium Laptop ,"2022 HP Pavilion Premium Laptop ... I got this to replace a larger 17"" screen, heavy HP laptop that was ...","2022 HP Pavilion Premium Laptop ... I got replace larger 17"" screen, heavy HP laptop ...",suggestion
127,Keyboard Cover for HP 14&#34,"Keyboard Cover for HP 14"" ... This keyboard cover was a game changer for my 17 inch HP laptop.","Keyboard Cover HP 14"" ... This keyboard cover game changer 17 inch HP laptop.",suggestion
128,ELECBRAiN New Laptop Battery LA04 ,ELECBRAiN New Laptop Battery LA04 for HP ... I needed a Primary Battery for my Five year old HP Laptop.,ELECBRAiN New Laptop Battery LA04 HP ... I needed Primary Battery Five year old HP Laptop.,suggestion
129,Keyboard Cover for HP Laptop 14 14- ,Keyboard Cover for HP Laptop 14 14-dq/dk/cf/fq 14-dq2045 14-dq2053cl 14-dq2078wm 14-dq1055cl ...,Keyboard Cover HP Laptop 14 14-dq/dk/cf/fq 14-dq2045 14-dq2053cl 14-dq2078wm 14-dq1055cl ...,suggestion
130,HP Pavilion DV9920US 17-inch Laptop ,HP Pavilion DV9920US 17-inch Laptop (2.00 GHz ... I also purchased a different HP laptop at the same.,HP Pavilion DV9920US 17-inch Laptop (2.00 GHz ... I also purchased different HP laptop same.,suggestion
131,Keyboard Cover for HP Laptop 14&#34,"Keyboard Cover for HP Laptop 14""& HP Pavilion x360 14 14-dk 14-fq 14-dq/dk/cf Series 14-dq1040 ...","Keyboard Cover HP Laptop 14""& HP Pavilion x360 14 14-dk 14-fq 14-dq/dk/cf Series 14-dq1040 ...",suggestion
132,Intel® Core™ i5-4210U 1.7GHz... › Customer reviews,"2016 HP 15-ac156nr 15.6"" ... This is the third HP laptop I purchased and as always I am extremely happy ...","2016 HP 15-ac156nr 15.6"" ... This third HP laptop I purchased always I extremely happy ...",appreciation
133,HP Pavilion DV4-1540US ,HP Pavilion ... Best Buy to replace my previous HP laptop (tx1200) which had a problem overheating and ...,HP Pavilion ... Best Buy replace previous HP laptop (tx1200) problem overheating ...,suggestion
134,Hp - Envy 14&#34; Laptop - 8gb Memory,"Hp - Envy 14"" Laptop - 8gb Memory - 1tb Hard Drive - Silver at Amazon.com. Read honest and unbiased ...","Hp - Envy 14"" Laptop - 8gb Memory - 1tb Hard Drive - Silver Amazon.com. Read honest unbiased ...",appreciation
135,HEWLETT PACKARD HP EliteBook ,HEWLETT PACKARD HP EliteBook 8460p ... There shouldn't be a Toshiba motherboard in an HP laptop.,HEWLETT PACKARD HP EliteBook 8460p ... There Toshiba motherboard HP laptop.,suggestion
136,HP Envy 4-1010us Sleekbook 14-Inch Laptop (Black),HP Envy 4-1010us ... will know you have a new HP laptop once it's delivered to you and left outside.,HP Envy 4-1010us ... know new HP laptop delivered left outside.,appreciation
137,HP 2022 Newest 17 Laptop ,"HP 2022 Newest 17 Laptop, 17.3"" FHD IPS ... 185 total ratings, 51 with reviews ... Standard HP laptop.","HP 2022 Newest 17 Laptop, 17.3"" FHD IPS ... 185 total ratings, 51 reviews ... Standard HP laptop.",suggestion
138,"HP 15-ay035cy Laptop, Intel","HP 15-ay035cy Laptop, ... Read honest and unbiased product reviews from our users. ... HP laptop.","HP 15-ay035cy Laptop, ... Read honest unbiased product reviews users. ... HP laptop.",appreciation
139,HP - ENVY Touch-Screen Ultrabook ,"HP - ENVY Touch-Screen Ultrabook ... Oh, and if the laptop keyboard worked, the hp laptop envy is good, ...","HP - ENVY Touch-Screen Ultrabook ... Oh, laptop keyboard worked, hp laptop envy good, ...",appreciation
140,HT03XL L11119-855 Laptop Battery for ,HT03XL L11119-855 ... It was time for a new battery for my HP laptop so I did a lot of research on how ...,HT03XL L11119-855 ... It time new battery HP laptop I lot research ...,suggestion
141,HP Pavilion DV4-1547SB 14.1-Inch ,"HP Pavilion DV4-1547SB ... This is actually my second HP laptop , I was plannig to buy and try another ...","HP Pavilion DV4-1547SB ... This actually second HP laptop , I plannig buy try another ...",suggestion
142,2022 HP 15.6&#39;&#39; FHD Laptop ,2022 HP 15.6'' FHD Laptop ... I bought this one to replace my 7yr old HP laptop that recently died the ...,2022 HP 15.6'' FHD Laptop ... I bought one replace 7yr old HP laptop recently died ...,complaint
143,"HP 15-inch Laptop, Intel Core i3-7020U ","HP 15-inch Laptop, ... My 3 rd HP laptop, all prior had removable battery, this one does not.","HP 15-inch Laptop, ... My 3 rd HP laptop, prior removable battery, one not.",suggestion
144,HP 15.6 Inch Touch Screen Laptop ,HP 15.6 Inch Touch Screen ... I needed to upgrade my hp laptop and I looked at several taking into ...,HP 15.6 Inch Touch Screen ... I needed upgrade hp laptop I looked several taking ...,suggestion
145,HP 17 Business Laptop ,"HP 17 Business Laptop, 17.3"" FHD IPS ... I am very happy that I purchased this HP Laptop when I did.","HP 17 Business Laptop, 17.3"" FHD IPS ... I happy I purchased HP Laptop I did.",appreciation
146,HP - Touch-Screen Laptop,"HP - 15.6"" Touch-Screen Laptop ... How customer reviews and ratings work ... HP Laptop disappointment.","HP - 15.6"" Touch-Screen Laptop ... How customer reviews ratings work ... HP Laptop disappointment.",suggestion
147,HP Pavilion ze4145 Laptop ,"HP Pavilion ze4145 Laptop (1.53 GHz AMD Athlon XP ... If you get hp laptop, get one with an amd chip.","HP Pavilion ze4145 Laptop (1.53 GHz AMD Athlon XP ... If get hp laptop, get one amd chip.",suggestion
148,2021 Newest HP Pavilion Laptop ,2021 Newest HP ... My old HP laptop was a touchscreen and had flimsy hinges which broke and the reason ...,2021 Newest HP ... My old HP laptop touchscreen flimsy hinges broke reason ...,complaint
149,HP 15 Laptop - i7-8565U,"HP 15 Laptop- 15.6"" HD ... Read honest and unbiased product reviews from our users. ... HP laptop.","HP 15 Laptop- 15.6"" HD ... Read honest unbiased product reviews users. ... HP laptop.",appreciation
150,HP Pavilion dv6t Select Edition ,HP Pavilion dv6t Select ... Read honest and unbiased product reviews from our users. ... hp laptop.,HP Pavilion dv6t Select ... Read honest unbiased product reviews users. ... hp laptop.,appreciation
151,"HP 15-ay034cy Laptop, Intel","HP 15-ay034cy Laptop, ... Read honest and unbiased product reviews from our users. ... HP laptop.","HP 15-ay034cy Laptop, ... Read honest unbiased product reviews users. ... HP laptop.",appreciation
152,HP Pavilion Gaming 15-inch Laptop ,"HP Pavilion Gaming ... mostly printers for 30 years, but this is my first HP laptop and if this is not ...","HP Pavilion Gaming ... mostly printers 30 years, first HP laptop ...",suggestion
153,Flagship 2021 HP Laptop 17 Computer ,"2021 HP Laptop 17 Computer 17.3"" HD+ BrightView Touchscreen 11th Gen Intel Quad-Core i3-1125G4 ...","2021 HP Laptop 17 Computer 17.3"" HD+ BrightView Touchscreen 11th Gen Intel Quad-Core i3-1125G4 ...",suggestion
154,2021 HP Newest Premium Laptop ,"2021 HP Newest Premium Laptop Computer, 17.3'' Full HD 1080P IPS Screen, 11th Gen Intel Core ...","2021 HP Newest Premium Laptop Computer, 17.3'' Full HD 1080P IPS Screen, 11th Gen Intel Core ...",suggestion
155,HP 15 Series 15&#34; Laptop Intel ,"HP 15 Series 15"" Laptop Intel Core i3 4GB RAM 256GB SSD Snow White - 10th Gen i3-1005G1 Dual-core - SVA ...","HP 15 Series 15"" Laptop Intel Core i3 4GB RAM 256GB SSD Snow White - 10th Gen i3-1005G1 Dual-core - SVA ...",suggestion
156,HP Pavilion 16.1 inch Gaming Laptop ,HP Pavilion 16.1 inch Gaming ... I got this HP laptop due to my old one was just getting out dated.,HP Pavilion 16.1 inch Gaming ... I got HP laptop due old one getting dated.,suggestion
157,HP Hub for USB-C Laptops ,"HP Hub for USB-C ... Works perfectly with HP laptop, unlike a previously purchased 3rd party hub that ...","HP Hub USB-C ... Works perfectly HP laptop, unlike previously purchased 3rd party hub ...",appreciation
158,2018 HP Pavilion 15.6 Inch Notebook ,"2018 HP Pavilion 15.6 ... My last HP laptop lasted my almost 10 years, and with sustained, daily usage.","2018 HP Pavilion 15.6 ... My last HP laptop lasted almost 10 years, sustained, daily usage.",suggestion
159,HP Envy 13-inch ,"HP Envy 13-inch Laptop ... if you are thinking of buying this HP laptop, I would advise to think again.","HP Envy 13-inch Laptop ... thinking buying HP laptop, I would advise think again.",appreciation
160,HP 15.6-inch Touchscreen HD Laptop ,"HP 15.6-inch ... I purchased an HP Laptop off of Amazon which stated that it was a ""new"" laptop.","HP 15.6-inch ... I purchased HP Laptop Amazon stated ""new"" laptop.",suggestion
161,HP Pavilion Laptop (2022 Model) ,"HP Pavilion Laptop (2022 Model), ... How customer reviews and ratings work ... HP Laptop Review.","HP Pavilion Laptop (2022 Model), ... How customer reviews ratings work ... HP Laptop Review.",appreciation
162,2020 HP 17.3&#34,"2020 HP 17.3"" Touchscreen ... I previously owned a i7 HP laptop which was slower than this i5 8 logical ...","2020 HP 17.3"" Touchscreen ... I previously owned i7 HP laptop slower i5 8 logical ...",suggestion
163,HP Spectre x360 2 ,HP Spectre x360 2-in-1 ... ago and swore I'd never buy an HP laptop again but once I was hunting for a ...,HP Spectre x360 2-in-1 ... ago swore I'd never buy HP laptop I hunting ...,suggestion
164,HP 2019 Newest Premium 15.6-inch ,"HP 2019 Newest Premium ... I will tell you: AS LONG AS I LIVE, I WILL NEVER EVER BUY HP LAPTOP AGAIN.","HP 2019 Newest Premium ... I tell you: AS LONG AS I LIVE, I WILL NEVER EVER BUY HP LAPTOP AGAIN.",suggestion
165,"HP 14 Laptop, AMD 3020e, 4 GB RAM ","HP 14 Laptop, ... it might be a bit of a struggle to get used to an HP laptop.. it's gorgeous, ...","HP 14 Laptop, ... might bit struggle get used HP laptop.. gorgeous, ...",suggestion
166,2020 HP Laptop ,"2020 HP Laptop 15.6"" FHD Micro-Edge WLED Computer, 10th Gen Intel Quad-Core i5-1035G1 (up to 3.6 GHz, ...","2020 HP Laptop 15.6"" FHD Micro-Edge WLED Computer, 10th Gen Intel Quad-Core i5-1035G1 (up 3.6 GHz, ...",suggestion
167,2020 Newest HP Pavilion 14 ,2020 Newest HP Pavilion 14 Inch ... This hp laptop is extremely fast and reliable for its price.,2020 Newest HP Pavilion 14 Inch ... This hp laptop extremely fast reliable price.,appreciation
168,"HP 14 Laptop, Qualcomm Snapdragon ","HP 14 Laptop, Qualcomm Snapdragon 7c ... Made the mistake of purchasing new HP laptop through Amazon.","HP 14 Laptop, Qualcomm Snapdragon 7c ... Made mistake purchasing new HP laptop Amazon.",complaint
169,2021 Newest HP Laptop ,"2021 Newest HP Laptop, 17 HD+ (1600 x 900) Display, 11th Gen Intel Core i3-1115G4 (up to 4.1GHz), ...","2021 Newest HP Laptop, 17 HD+ (1600 x 900) Display, 11th Gen Intel Core i3-1115G4 (up 4.1GHz), ...",suggestion
170,"HP 2020 15 15.6"" HD Touchscreen Premium Laptop - 10th ","Compare New & Used (39) from. $349.99$349.99 ... ASIN: B081SM57RY; Customer Reviews: 4.4 out of 5 stars 2,069Reviews ... Quick Review of The HP Laptop.","Compare New & Used (39) from. $349.99$349.99 ... ASIN: B081SM57RY; Customer Reviews: 4.4 5 stars 2,069Reviews ... Quick Review The HP Laptop.",suggestion
171,2019 HP Pavilion 15.6-inch Full HD ,2019 HP Pavilion 15.6-inch Full HD (1920 x 1080) ... Felt slower booting up than my 2016 HP laptop.,2019 HP Pavilion 15.6-inch Full HD (1920 x 1080) ... Felt slower booting 2016 HP laptop.,complaint
172,HP Laptop Battery VI04,HP Laptop Battery VI04 at Amazon.com. Read honest and unbiased product reviews from our users.,HP Laptop Battery VI04 Amazon.com. Read honest unbiased product reviews users.,appreciation
